<?xml version="1.0" encoding="UTF-8"?>
<project-private xmlns="http://www.netbeans.org/ns/project-private/1">
    <editor-bookmarks xmlns="http://www.netbeans.org/ns/editor-bookmarks/2" lastBookmarkId="0"/>
    <open-files xmlns="http://www.netbeans.org/ns/projectui-open-files/2">
        <group>
            <file>file:/F:/StreetChild/src/java/Mail/MailSessionBean.java</file>
            <file>file:/F:/StreetChild/web/WEB-INF/applicationContext.xml</file>
            <file>file:/F:/StreetChild/src/java/controller/createOrganization.java</file>
            <file>file:/F:/StreetChild/nbproject/build-impl.xml</file>
            <file>file:/F:/StreetChild/src/java/database/DataAccess.java</file>
            <file>file:/F:/StreetChild/web/WEB-INF/jsp/admin.jsp</file>
            <file>file:/F:/StreetChild/nbproject/private/private.xml</file>
            <file>file:/F:/StreetChild/src/java/controller/MailMail.java</file>
            <file>file:/F:/StreetChild/web/WEB-INF/StreetChild-servlet.xml</file>
            <file>file:/F:/StreetChild/web/WEB-INF/web.xml</file>
            <file>file:/F:/StreetChild/web/WEB-INF/jsp/postshow.jsp</file>
            <file>file:/F:/StreetChild/src/java/controller/loginController.java</file>
            <file>file:/F:/StreetChild/src/java/controller/EventCreateController.java</file>
            <file>file:/F:/StreetChild/src/java/controller/EventShowcasing.java</file>
        </group>
    </open-files>
</project-private>
