<beans xmlns = "http://www.springframework.org/schema/beans"
   xmlns:context = "http://www.springframework.org/schema/context"
   xmlns:mvc="http://www.springframework.org/schema/mvc"
   xmlns:xsi = "http://www.w3.org/2001/XMLSchema-instance"
   xsi:schemaLocation = "http://www.springframework.org/schema/beans     
   http://www.springframework.org/schema/beans/spring-beans-3.0.xsd
   http://www.springframework.org/schema/mvc
   http://www.springframework.org/schema/mvc/spring-mvc.xsd
   http://www.springframework.org/schema/context 
   http://www.springframework.org/schema/context/spring-context-3.0.xsd">
    <context:annotation-config />
   <context:component-scan base-package = "controller" ></context:component-scan>
  
   <bean class = "org.springframework.web.servlet.view.InternalResourceViewResolver">
      <property name = "prefix" value = "/WEB-INF/jsp/" />
      <property name = "suffix" value = ".jsp" />
   </bean>
   
 <bean id="messageSource" class="org.springframework.context.support.ResourceBundleMessageSource">
 <property name="basename" value="props"></property>
 </bean>
 
 <mvc:resources mapping="/resources/**" location="/resources/"
	cache-period="31556926"/>
   <mvc:annotation-driven />
   
 <bean id="multipartResolver"
    class="org.springframework.web.multipart.commons.CommonsMultipartResolver">
 
     <!--one of the properties available; the maximum file size in bytes--> 
    <!--<property name="maxUploadSize" value="100000"/>-->
</bean>

<!--<bean id="multipartResolver"
    class="org.springframework.web.multipart.support.StandardServletMultipartResolver">
</bean>-->



</beans>